<?xml version="1.0" encoding="ISO-8859-1" ?>
<link_info>
   <banner>TI ARM Linker PC v20.2.1.LTS</banner>
   <copyright>Copyright (c) 1996-2018 Texas Instruments Incorporated</copyright>
   <link_time>0x60d86a6b</link_time>
   <link_errors>0x0</link_errors>
   <output_file>gpio_toggle_output_MSP_EXP432P401R_nortos_ccs.out</output_file>
   <entry_point>
      <name>_c_int00_noinit_noargs</name>
      <address>0x1ad</address>
   </entry_point>
   <input_file_list>
      <input_file id="fl-2">
         <path>.\</path>
         <kind>object</kind>
         <file>gpio_toggle_output.obj</file>
         <name>gpio_toggle_output.obj</name>
      </input_file>
      <input_file id="fl-3">
         <path>.\</path>
         <kind>object</kind>
         <file>system_msp432p401r.obj</file>
         <name>system_msp432p401r.obj</name>
      </input_file>
      <input_file id="fl-4">
         <path>.\ccs\</path>
         <kind>object</kind>
         <file>startup_msp432p401r_ccs.obj</file>
         <name>startup_msp432p401r_ccs.obj</name>
      </input_file>
      <input_file id="fl-e">
         <kind>object</kind>
         <file>&lt;internal&gt;</file>
         <name>&lt;internal&gt;</name>
      </input_file>
      <input_file id="fl-c4">
         <path>E:\CCS\ccs\tools\compiler\ti-cgt-arm_20.2.1.LTS\lib\</path>
         <kind>archive</kind>
         <file>rtsv7M4_T_le_v4SPD16_eabi.lib</file>
         <name>copy_zero_init.c.obj</name>
      </input_file>
      <input_file id="fl-c5">
         <path>E:\CCS\ccs\tools\compiler\ti-cgt-arm_20.2.1.LTS\lib\</path>
         <kind>archive</kind>
         <file>rtsv7M4_T_le_v4SPD16_eabi.lib</file>
         <name>copy_decompress_none.c.obj</name>
      </input_file>
      <input_file id="fl-c6">
         <path>E:\CCS\ccs\tools\compiler\ti-cgt-arm_20.2.1.LTS\lib\</path>
         <kind>archive</kind>
         <file>rtsv7M4_T_le_v4SPD16_eabi.lib</file>
         <name>copy_decompress_lzss.c.obj</name>
      </input_file>
      <input_file id="fl-c7">
         <path>E:\CCS\ccs\tools\compiler\ti-cgt-arm_20.2.1.LTS\lib\</path>
         <kind>archive</kind>
         <file>rtsv7M4_T_le_v4SPD16_eabi.lib</file>
         <name>boot_cortex_m.c.obj</name>
      </input_file>
      <input_file id="fl-c8">
         <path>E:\CCS\ccs\tools\compiler\ti-cgt-arm_20.2.1.LTS\lib\</path>
         <kind>archive</kind>
         <file>rtsv7M4_T_le_v4SPD16_eabi.lib</file>
         <name>memset_t2.asm.obj</name>
      </input_file>
      <input_file id="fl-c9">
         <path>E:\CCS\ccs\tools\compiler\ti-cgt-arm_20.2.1.LTS\lib\</path>
         <kind>archive</kind>
         <file>rtsv7M4_T_le_v4SPD16_eabi.lib</file>
         <name>memcpy_t2.asm.obj</name>
      </input_file>
      <input_file id="fl-ca">
         <path>E:\CCS\ccs\tools\compiler\ti-cgt-arm_20.2.1.LTS\lib\</path>
         <kind>archive</kind>
         <file>rtsv7M4_T_le_v4SPD16_eabi.lib</file>
         <name>autoinit.c.obj</name>
      </input_file>
      <input_file id="fl-cb">
         <path>E:\CCS\ccs\tools\compiler\ti-cgt-arm_20.2.1.LTS\lib\</path>
         <kind>archive</kind>
         <file>rtsv7M4_T_le_v4SPD16_eabi.lib</file>
         <name>pre_init.c.obj</name>
      </input_file>
      <input_file id="fl-cc">
         <path>E:\CCS\ccs\tools\compiler\ti-cgt-arm_20.2.1.LTS\lib\</path>
         <kind>archive</kind>
         <file>rtsv7M4_T_le_v4SPD16_eabi.lib</file>
         <name>cpy_tbl.c.obj</name>
      </input_file>
      <input_file id="fl-cd">
         <path>E:\CCS\ccs\tools\compiler\ti-cgt-arm_20.2.1.LTS\lib\</path>
         <kind>archive</kind>
         <file>rtsv7M4_T_le_v4SPD16_eabi.lib</file>
         <name>exit.c.obj</name>
      </input_file>
      <input_file id="fl-ce">
         <path>E:\CCS\ccs\tools\compiler\ti-cgt-arm_20.2.1.LTS\lib\</path>
         <kind>archive</kind>
         <file>rtsv7M4_T_le_v4SPD16_eabi.lib</file>
         <name>_lock.c.obj</name>
      </input_file>
      <input_file id="fl-cf">
         <path>E:\CCS\ccs\tools\compiler\ti-cgt-arm_20.2.1.LTS\lib\</path>
         <kind>archive</kind>
         <file>rtsv7M4_T_le_v4SPD16_eabi.lib</file>
         <name>args_main.c.obj</name>
      </input_file>
   </input_file_list>
   <object_component_list>
      <object_component id="oc-26">
         <name>.intvecs:retain</name>
         <load_address>0x0</load_address>
         <run_address>0x0</run_address>
         <size>0xe4</size>
         <input_file_ref idref="fl-4"/>
      </object_component>
      <object_component id="oc-ab">
         <name>.text:SystemInit</name>
         <load_address>0xe4</load_address>
         <run_address>0xe4</run_address>
         <size>0x78</size>
         <input_file_ref idref="fl-3"/>
      </object_component>
      <object_component id="oc-99">
         <name>.text:main</name>
         <load_address>0x15c</load_address>
         <run_address>0x15c</run_address>
         <size>0x50</size>
         <input_file_ref idref="fl-2"/>
      </object_component>
      <object_component id="oc-4f">
         <name>.text:_c_int00_noinit_noargs:_c_int00_noinit_noargs</name>
         <load_address>0x1ac</load_address>
         <run_address>0x1ac</run_address>
         <size>0x2c</size>
         <input_file_ref idref="fl-c7"/>
      </object_component>
      <object_component id="oc-67">
         <name>.text:Reset_Handler</name>
         <load_address>0x1d8</load_address>
         <run_address>0x1d8</run_address>
         <size>0xc</size>
         <input_file_ref idref="fl-4"/>
      </object_component>
      <object_component id="oc-93">
         <name>.text:_system_pre_init</name>
         <load_address>0x1e4</load_address>
         <run_address>0x1e4</run_address>
         <size>0x4</size>
         <input_file_ref idref="fl-cb"/>
      </object_component>
      <object_component id="oc-cc">
         <name>.text:abort:abort</name>
         <load_address>0x1e8</load_address>
         <run_address>0x1e8</run_address>
         <size>0x4</size>
         <input_file_ref idref="fl-cd"/>
      </object_component>
      <object_component id="oc-6d">
         <name>.text:Default_Handler</name>
         <load_address>0x1ec</load_address>
         <run_address>0x1ec</run_address>
         <size>0x2</size>
         <input_file_ref idref="fl-4"/>
      </object_component>
      <object_component id="oc-174">
         <name>.binit</name>
         <load_address>0x0</load_address>
         <run_address>0x0</run_address>
         <size>0x0</size>
      </object_component>
      <object_component id="oc-29">
         <name>.stack</name>
         <uninitialized>true</uninitialized>
         <run_address>0x2000fe00</run_address>
         <size>0x4</size>
         <input_file_ref idref="fl-c7"/>
      </object_component>
      <object_component id="oc-1a2">
         <name>.stack</name>
         <uninitialized>true</uninitialized>
         <run_address>0x2000fe00</run_address>
         <size>0x0</size>
      </object_component>
      <object_component id="oc-cb">
         <name>.debug_info</name>
         <load_address>0x0</load_address>
         <run_address>0x0</run_address>
         <size>0x55a</size>
         <input_file_ref idref="fl-2"/>
      </object_component>
      <object_component id="oc-9b">
         <name>.debug_info</name>
         <load_address>0x55a</load_address>
         <run_address>0x55a</run_address>
         <size>0x157</size>
         <input_file_ref idref="fl-2"/>
      </object_component>
      <object_component id="oc-b5">
         <name>.debug_info</name>
         <load_address>0x6b1</load_address>
         <run_address>0x6b1</run_address>
         <size>0x26b</size>
         <input_file_ref idref="fl-2"/>
      </object_component>
      <object_component id="oc-117">
         <name>.debug_info</name>
         <load_address>0x91c</load_address>
         <run_address>0x91c</run_address>
         <size>0x1028</size>
         <input_file_ref idref="fl-2"/>
      </object_component>
      <object_component id="oc-112">
         <name>.debug_info</name>
         <load_address>0x1944</load_address>
         <run_address>0x1944</run_address>
         <size>0x37e2</size>
         <input_file_ref idref="fl-2"/>
      </object_component>
      <object_component id="oc-32">
         <name>.debug_info</name>
         <load_address>0x5126</load_address>
         <run_address>0x5126</run_address>
         <size>0x84</size>
         <input_file_ref idref="fl-2"/>
      </object_component>
      <object_component id="oc-10b">
         <name>.debug_info</name>
         <load_address>0x51aa</load_address>
         <run_address>0x51aa</run_address>
         <size>0x2a4</size>
         <input_file_ref idref="fl-2"/>
      </object_component>
      <object_component id="oc-11c">
         <name>.debug_info</name>
         <load_address>0x544e</load_address>
         <run_address>0x544e</run_address>
         <size>0xbb</size>
         <input_file_ref idref="fl-2"/>
      </object_component>
      <object_component id="oc-ac">
         <name>.debug_info</name>
         <load_address>0x5509</load_address>
         <run_address>0x5509</run_address>
         <size>0x145</size>
         <input_file_ref idref="fl-3"/>
      </object_component>
      <object_component id="oc-75">
         <name>.debug_info</name>
         <load_address>0x564e</load_address>
         <run_address>0x564e</run_address>
         <size>0x2e5</size>
         <input_file_ref idref="fl-4"/>
      </object_component>
      <object_component id="oc-27">
         <name>.debug_info</name>
         <load_address>0x5933</load_address>
         <run_address>0x5933</run_address>
         <size>0x111</size>
         <input_file_ref idref="fl-4"/>
      </object_component>
      <object_component id="oc-68">
         <name>.debug_info</name>
         <load_address>0x5a44</load_address>
         <run_address>0x5a44</run_address>
         <size>0x174</size>
         <input_file_ref idref="fl-4"/>
      </object_component>
      <object_component id="oc-6e">
         <name>.debug_info</name>
         <load_address>0x5bb8</load_address>
         <run_address>0x5bb8</run_address>
         <size>0x15c</size>
         <input_file_ref idref="fl-4"/>
      </object_component>
      <object_component id="oc-2a">
         <name>.debug_info</name>
         <load_address>0x5d14</load_address>
         <run_address>0x5d14</run_address>
         <size>0x10b</size>
         <input_file_ref idref="fl-c7"/>
      </object_component>
      <object_component id="oc-50">
         <name>.debug_info</name>
         <load_address>0x5e1f</load_address>
         <run_address>0x5e1f</run_address>
         <size>0x1a2</size>
         <input_file_ref idref="fl-c7"/>
      </object_component>
      <object_component id="oc-94">
         <name>.debug_info</name>
         <load_address>0x5fc1</load_address>
         <run_address>0x5fc1</run_address>
         <size>0x153</size>
         <input_file_ref idref="fl-cb"/>
      </object_component>
      <object_component id="oc-cf">
         <name>.debug_info</name>
         <load_address>0x6114</load_address>
         <run_address>0x6114</run_address>
         <size>0x122</size>
         <input_file_ref idref="fl-cd"/>
      </object_component>
      <object_component id="oc-1a3">
         <name>.debug_info</name>
         <load_address>0x6236</load_address>
         <run_address>0x6236</run_address>
         <size>0xb9</size>
      </object_component>
      <object_component id="oc-111">
         <name>.debug_line</name>
         <load_address>0x0</load_address>
         <run_address>0x0</run_address>
         <size>0x20</size>
         <input_file_ref idref="fl-2"/>
      </object_component>
      <object_component id="oc-9a">
         <name>.debug_line</name>
         <load_address>0x20</load_address>
         <run_address>0x20</run_address>
         <size>0x65</size>
         <input_file_ref idref="fl-2"/>
      </object_component>
      <object_component id="oc-b8">
         <name>.debug_line</name>
         <load_address>0x85</load_address>
         <run_address>0x85</run_address>
         <size>0x68</size>
         <input_file_ref idref="fl-2"/>
      </object_component>
      <object_component id="oc-11a">
         <name>.debug_line</name>
         <load_address>0xed</load_address>
         <run_address>0xed</run_address>
         <size>0x78</size>
         <input_file_ref idref="fl-2"/>
      </object_component>
      <object_component id="oc-115">
         <name>.debug_line</name>
         <load_address>0x165</load_address>
         <run_address>0x165</run_address>
         <size>0x7b</size>
         <input_file_ref idref="fl-2"/>
      </object_component>
      <object_component id="oc-35">
         <name>.debug_line</name>
         <load_address>0x1e0</load_address>
         <run_address>0x1e0</run_address>
         <size>0x20</size>
         <input_file_ref idref="fl-2"/>
      </object_component>
      <object_component id="oc-10e">
         <name>.debug_line</name>
         <load_address>0x200</load_address>
         <run_address>0x200</run_address>
         <size>0x6c</size>
         <input_file_ref idref="fl-2"/>
      </object_component>
      <object_component id="oc-11f">
         <name>.debug_line</name>
         <load_address>0x26c</load_address>
         <run_address>0x26c</run_address>
         <size>0x69</size>
         <input_file_ref idref="fl-2"/>
      </object_component>
      <object_component id="oc-b0">
         <name>.debug_line</name>
         <load_address>0x2d5</load_address>
         <run_address>0x2d5</run_address>
         <size>0x66</size>
         <input_file_ref idref="fl-3"/>
      </object_component>
      <object_component id="oc-b4">
         <name>.debug_line</name>
         <load_address>0x33b</load_address>
         <run_address>0x33b</run_address>
         <size>0x44</size>
         <input_file_ref idref="fl-4"/>
      </object_component>
      <object_component id="oc-74">
         <name>.debug_line</name>
         <load_address>0x37f</load_address>
         <run_address>0x37f</run_address>
         <size>0x44</size>
         <input_file_ref idref="fl-4"/>
      </object_component>
      <object_component id="oc-6b">
         <name>.debug_line</name>
         <load_address>0x3c3</load_address>
         <run_address>0x3c3</run_address>
         <size>0x5d</size>
         <input_file_ref idref="fl-4"/>
      </object_component>
      <object_component id="oc-71">
         <name>.debug_line</name>
         <load_address>0x420</load_address>
         <run_address>0x420</run_address>
         <size>0x59</size>
         <input_file_ref idref="fl-4"/>
      </object_component>
      <object_component id="oc-77">
         <name>.debug_line</name>
         <load_address>0x479</load_address>
         <run_address>0x479</run_address>
         <size>0x33</size>
         <input_file_ref idref="fl-c7"/>
      </object_component>
      <object_component id="oc-54">
         <name>.debug_line</name>
         <load_address>0x4ac</load_address>
         <run_address>0x4ac</run_address>
         <size>0x48</size>
         <input_file_ref idref="fl-c7"/>
      </object_component>
      <object_component id="oc-97">
         <name>.debug_line</name>
         <load_address>0x4f4</load_address>
         <run_address>0x4f4</run_address>
         <size>0x40</size>
         <input_file_ref idref="fl-cb"/>
      </object_component>
      <object_component id="oc-cd">
         <name>.debug_line</name>
         <load_address>0x534</load_address>
         <run_address>0x534</run_address>
         <size>0x3c</size>
         <input_file_ref idref="fl-cd"/>
      </object_component>
      <object_component id="oc-9e">
         <name>.debug_frame</name>
         <load_address>0x0</load_address>
         <run_address>0x0</run_address>
         <size>0x58</size>
         <input_file_ref idref="fl-2"/>
      </object_component>
      <object_component id="oc-af">
         <name>.debug_frame</name>
         <load_address>0x58</load_address>
         <run_address>0x58</run_address>
         <size>0x54</size>
         <input_file_ref idref="fl-3"/>
      </object_component>
      <object_component id="oc-6c">
         <name>.debug_frame</name>
         <load_address>0xac</load_address>
         <run_address>0xac</run_address>
         <size>0x58</size>
         <input_file_ref idref="fl-4"/>
      </object_component>
      <object_component id="oc-72">
         <name>.debug_frame</name>
         <load_address>0x104</load_address>
         <run_address>0x104</run_address>
         <size>0x54</size>
         <input_file_ref idref="fl-4"/>
      </object_component>
      <object_component id="oc-53">
         <name>.debug_frame</name>
         <load_address>0x158</load_address>
         <run_address>0x158</run_address>
         <size>0x50</size>
         <input_file_ref idref="fl-c7"/>
      </object_component>
      <object_component id="oc-98">
         <name>.debug_frame</name>
         <load_address>0x1a8</load_address>
         <run_address>0x1a8</run_address>
         <size>0x54</size>
         <input_file_ref idref="fl-cb"/>
      </object_component>
      <object_component id="oc-d1">
         <name>.debug_frame</name>
         <load_address>0x1fc</load_address>
         <run_address>0x1fc</run_address>
         <size>0x54</size>
         <input_file_ref idref="fl-cd"/>
      </object_component>
      <object_component id="oc-110">
         <name>.debug_abbrev</name>
         <load_address>0x0</load_address>
         <run_address>0x0</run_address>
         <size>0x7a</size>
         <input_file_ref idref="fl-2"/>
      </object_component>
      <object_component id="oc-ca">
         <name>.debug_abbrev</name>
         <load_address>0x7a</load_address>
         <run_address>0x7a</run_address>
         <size>0x63</size>
         <input_file_ref idref="fl-2"/>
      </object_component>
      <object_component id="oc-b7">
         <name>.debug_abbrev</name>
         <load_address>0xdd</load_address>
         <run_address>0xdd</run_address>
         <size>0x69</size>
         <input_file_ref idref="fl-2"/>
      </object_component>
      <object_component id="oc-119">
         <name>.debug_abbrev</name>
         <load_address>0x146</load_address>
         <run_address>0x146</run_address>
         <size>0x97</size>
         <input_file_ref idref="fl-2"/>
      </object_component>
      <object_component id="oc-114">
         <name>.debug_abbrev</name>
         <load_address>0x1dd</load_address>
         <run_address>0x1dd</run_address>
         <size>0xbd</size>
         <input_file_ref idref="fl-2"/>
      </object_component>
      <object_component id="oc-34">
         <name>.debug_abbrev</name>
         <load_address>0x29a</load_address>
         <run_address>0x29a</run_address>
         <size>0x1f</size>
         <input_file_ref idref="fl-2"/>
      </object_component>
      <object_component id="oc-10d">
         <name>.debug_abbrev</name>
         <load_address>0x2b9</load_address>
         <run_address>0x2b9</run_address>
         <size>0x5c</size>
         <input_file_ref idref="fl-2"/>
      </object_component>
      <object_component id="oc-11e">
         <name>.debug_abbrev</name>
         <load_address>0x315</load_address>
         <run_address>0x315</run_address>
         <size>0x24</size>
         <input_file_ref idref="fl-2"/>
      </object_component>
      <object_component id="oc-10a">
         <name>.debug_abbrev</name>
         <load_address>0x339</load_address>
         <run_address>0x339</run_address>
         <size>0x50</size>
         <input_file_ref idref="fl-3"/>
      </object_component>
      <object_component id="oc-b3">
         <name>.debug_abbrev</name>
         <load_address>0x389</load_address>
         <run_address>0x389</run_address>
         <size>0x7c</size>
         <input_file_ref idref="fl-4"/>
      </object_component>
      <object_component id="oc-73">
         <name>.debug_abbrev</name>
         <load_address>0x405</load_address>
         <run_address>0x405</run_address>
         <size>0x29</size>
         <input_file_ref idref="fl-4"/>
      </object_component>
      <object_component id="oc-b1">
         <name>.debug_abbrev</name>
         <load_address>0x42e</load_address>
         <run_address>0x42e</run_address>
         <size>0x5e</size>
         <input_file_ref idref="fl-4"/>
      </object_component>
      <object_component id="oc-b2">
         <name>.debug_abbrev</name>
         <load_address>0x48c</load_address>
         <run_address>0x48c</run_address>
         <size>0x42</size>
         <input_file_ref idref="fl-4"/>
      </object_component>
      <object_component id="oc-76">
         <name>.debug_abbrev</name>
         <load_address>0x4ce</load_address>
         <run_address>0x4ce</run_address>
         <size>0x29</size>
         <input_file_ref idref="fl-c7"/>
      </object_component>
      <object_component id="oc-a0">
         <name>.debug_abbrev</name>
         <load_address>0x4f7</load_address>
         <run_address>0x4f7</run_address>
         <size>0x55</size>
         <input_file_ref idref="fl-c7"/>
      </object_component>
      <object_component id="oc-c9">
         <name>.debug_abbrev</name>
         <load_address>0x54c</load_address>
         <run_address>0x54c</run_address>
         <size>0x55</size>
         <input_file_ref idref="fl-cb"/>
      </object_component>
      <object_component id="oc-121">
         <name>.debug_abbrev</name>
         <load_address>0x5a1</load_address>
         <run_address>0x5a1</run_address>
         <size>0x45</size>
         <input_file_ref idref="fl-cd"/>
      </object_component>
      <object_component id="oc-1a4">
         <name>.debug_abbrev</name>
         <load_address>0x5e6</load_address>
         <run_address>0x5e6</run_address>
         <size>0xf</size>
      </object_component>
      <object_component id="oc-b9">
         <name>.debug_str</name>
         <load_address>0x0</load_address>
         <run_address>0x0</run_address>
         <size>0x2c3</size>
         <input_file_ref idref="fl-2"/>
      </object_component>
      <object_component id="oc-11b">
         <name>.debug_str</name>
         <load_address>0x2c3</load_address>
         <run_address>0x2c3</run_address>
         <size>0x4ac</size>
         <input_file_ref idref="fl-2"/>
      </object_component>
      <object_component id="oc-116">
         <name>.debug_str</name>
         <load_address>0x76f</load_address>
         <run_address>0x76f</run_address>
         <size>0x1606</size>
         <input_file_ref idref="fl-2"/>
      </object_component>
      <object_component id="oc-36">
         <name>.debug_str</name>
         <load_address>0x1d75</load_address>
         <run_address>0x1d75</run_address>
         <size>0xfd</size>
         <input_file_ref idref="fl-2"/>
      </object_component>
      <object_component id="oc-10f">
         <name>.debug_str</name>
         <load_address>0x1e72</load_address>
         <run_address>0x1e72</run_address>
         <size>0x359</size>
         <input_file_ref idref="fl-2"/>
      </object_component>
      <object_component id="oc-120">
         <name>.debug_str</name>
         <load_address>0x21cb</load_address>
         <run_address>0x21cb</run_address>
         <size>0x15b</size>
         <input_file_ref idref="fl-2"/>
      </object_component>
      <object_component id="oc-9c">
         <name>.debug_aranges</name>
         <load_address>0x0</load_address>
         <run_address>0x0</run_address>
         <size>0x20</size>
         <input_file_ref idref="fl-2"/>
      </object_component>
      <object_component id="oc-ae">
         <name>.debug_aranges</name>
         <load_address>0x20</load_address>
         <run_address>0x20</run_address>
         <size>0x20</size>
         <input_file_ref idref="fl-3"/>
      </object_component>
      <object_component id="oc-69">
         <name>.debug_aranges</name>
         <load_address>0x40</load_address>
         <run_address>0x40</run_address>
         <size>0x20</size>
         <input_file_ref idref="fl-4"/>
      </object_component>
      <object_component id="oc-6f">
         <name>.debug_aranges</name>
         <load_address>0x60</load_address>
         <run_address>0x60</run_address>
         <size>0x20</size>
         <input_file_ref idref="fl-4"/>
      </object_component>
      <object_component id="oc-51">
         <name>.debug_aranges</name>
         <load_address>0x80</load_address>
         <run_address>0x80</run_address>
         <size>0x20</size>
         <input_file_ref idref="fl-c7"/>
      </object_component>
      <object_component id="oc-96">
         <name>.debug_aranges</name>
         <load_address>0xa0</load_address>
         <run_address>0xa0</run_address>
         <size>0x20</size>
         <input_file_ref idref="fl-cb"/>
      </object_component>
      <object_component id="oc-ce">
         <name>.debug_aranges</name>
         <load_address>0xc0</load_address>
         <run_address>0xc0</run_address>
         <size>0x20</size>
         <input_file_ref idref="fl-cd"/>
      </object_component>
      <object_component id="oc-9d">
         <name>.debug_pubnames</name>
         <load_address>0x0</load_address>
         <run_address>0x0</run_address>
         <size>0x1b</size>
         <input_file_ref idref="fl-2"/>
      </object_component>
      <object_component id="oc-ad">
         <name>.debug_pubnames</name>
         <load_address>0x1b</load_address>
         <run_address>0x1b</run_address>
         <size>0x21</size>
         <input_file_ref idref="fl-3"/>
      </object_component>
      <object_component id="oc-28">
         <name>.debug_pubnames</name>
         <load_address>0x3c</load_address>
         <run_address>0x3c</run_address>
         <size>0x27</size>
         <input_file_ref idref="fl-4"/>
      </object_component>
      <object_component id="oc-6a">
         <name>.debug_pubnames</name>
         <load_address>0x63</load_address>
         <run_address>0x63</run_address>
         <size>0x24</size>
         <input_file_ref idref="fl-4"/>
      </object_component>
      <object_component id="oc-70">
         <name>.debug_pubnames</name>
         <load_address>0x87</load_address>
         <run_address>0x87</run_address>
         <size>0x26</size>
         <input_file_ref idref="fl-4"/>
      </object_component>
      <object_component id="oc-2b">
         <name>.debug_pubnames</name>
         <load_address>0xad</load_address>
         <run_address>0xad</run_address>
         <size>0x1e</size>
         <input_file_ref idref="fl-c7"/>
      </object_component>
      <object_component id="oc-52">
         <name>.debug_pubnames</name>
         <load_address>0xcb</load_address>
         <run_address>0xcb</run_address>
         <size>0x2d</size>
         <input_file_ref idref="fl-c7"/>
      </object_component>
      <object_component id="oc-95">
         <name>.debug_pubnames</name>
         <load_address>0xf8</load_address>
         <run_address>0xf8</run_address>
         <size>0x27</size>
         <input_file_ref idref="fl-cb"/>
      </object_component>
      <object_component id="oc-d0">
         <name>.debug_pubnames</name>
         <load_address>0x11f</load_address>
         <run_address>0x11f</run_address>
         <size>0x1c</size>
         <input_file_ref idref="fl-cd"/>
      </object_component>
      <object_component id="oc-b6">
         <name>.debug_pubtypes</name>
         <load_address>0x0</load_address>
         <run_address>0x0</run_address>
         <size>0x25c</size>
         <input_file_ref idref="fl-2"/>
      </object_component>
      <object_component id="oc-118">
         <name>.debug_pubtypes</name>
         <load_address>0x25c</load_address>
         <run_address>0x25c</run_address>
         <size>0xdd</size>
         <input_file_ref idref="fl-2"/>
      </object_component>
      <object_component id="oc-113">
         <name>.debug_pubtypes</name>
         <load_address>0x339</load_address>
         <run_address>0x339</run_address>
         <size>0x2ce</size>
         <input_file_ref idref="fl-2"/>
      </object_component>
      <object_component id="oc-33">
         <name>.debug_pubtypes</name>
         <load_address>0x607</load_address>
         <run_address>0x607</run_address>
         <size>0xed</size>
         <input_file_ref idref="fl-2"/>
      </object_component>
      <object_component id="oc-10c">
         <name>.debug_pubtypes</name>
         <load_address>0x6f4</load_address>
         <run_address>0x6f4</run_address>
         <size>0x330</size>
         <input_file_ref idref="fl-2"/>
      </object_component>
      <object_component id="oc-11d">
         <name>.debug_pubtypes</name>
         <load_address>0xa24</load_address>
         <run_address>0xa24</run_address>
         <size>0xaa</size>
         <input_file_ref idref="fl-2"/>
      </object_component>
   </object_component_list>
   <logical_group_list>
      <logical_group id="lg-3" display="no" color="cyan">
         <name>.intvecs</name>
         <load_address>0x0</load_address>
         <run_address>0x0</run_address>
         <size>0xe4</size>
         <contents>
            <object_component_ref idref="oc-26"/>
         </contents>
      </logical_group>
      <logical_group id="lg-4" display="no" color="cyan">
         <name>.text</name>
         <load_address>0xe4</load_address>
         <run_address>0xe4</run_address>
         <size>0x10a</size>
         <contents>
            <object_component_ref idref="oc-ab"/>
            <object_component_ref idref="oc-99"/>
            <object_component_ref idref="oc-4f"/>
            <object_component_ref idref="oc-67"/>
            <object_component_ref idref="oc-93"/>
            <object_component_ref idref="oc-cc"/>
            <object_component_ref idref="oc-6d"/>
         </contents>
      </logical_group>
      <logical_group id="lg-5" display="no" color="cyan">
         <name>.const</name>
         <run_address>0x0</run_address>
         <size>0x0</size>
         <contents>
         </contents>
      </logical_group>
      <logical_group id="lg-6" display="no" color="cyan">
         <name>.cinit</name>
         <run_address>0x0</run_address>
         <size>0x0</size>
         <contents>
         </contents>
      </logical_group>
      <logical_group id="lg-7" display="no" color="cyan">
         <name>.pinit</name>
         <run_address>0x0</run_address>
         <size>0x0</size>
         <contents>
         </contents>
      </logical_group>
      <logical_group id="lg-8" display="no" color="cyan">
         <name>.init_array</name>
         <run_address>0x0</run_address>
         <size>0x0</size>
         <contents>
         </contents>
      </logical_group>
      <logical_group id="lg-9" display="no" color="cyan">
         <name>.binit</name>
         <load_address>0x0</load_address>
         <run_address>0x0</run_address>
         <size>0x0</size>
         <contents>
            <object_component_ref idref="oc-174"/>
         </contents>
      </logical_group>
      <logical_group id="lg-a" display="no" color="cyan">
         <name>.flashMailbox</name>
         <run_address>0x0</run_address>
         <size>0x0</size>
         <contents>
         </contents>
      </logical_group>
      <logical_group id="lg-b" display="no" color="cyan">
         <name>.tlvTable</name>
         <run_address>0x0</run_address>
         <size>0x0</size>
         <contents>
         </contents>
      </logical_group>
      <logical_group id="lg-c" display="no" color="cyan">
         <name>.bslArea</name>
         <run_address>0x0</run_address>
         <size>0x0</size>
         <contents>
         </contents>
      </logical_group>
      <logical_group id="lg-d" display="no" color="cyan">
         <name>.vtable</name>
         <run_address>0x0</run_address>
         <size>0x0</size>
         <contents>
         </contents>
      </logical_group>
      <logical_group id="lg-e" display="no" color="cyan">
         <name>.data</name>
         <run_address>0x0</run_address>
         <size>0x0</size>
         <contents>
         </contents>
      </logical_group>
      <logical_group id="lg-f" display="no" color="cyan">
         <name>.bss</name>
         <run_address>0x0</run_address>
         <size>0x0</size>
         <contents>
         </contents>
      </logical_group>
      <logical_group id="lg-10" display="no" color="cyan">
         <name>.sysmem</name>
         <run_address>0x0</run_address>
         <size>0x0</size>
         <contents>
         </contents>
      </logical_group>
      <logical_group id="lg-11" display="no" color="cyan">
         <name>.stack</name>
         <run_address>0x2000fe00</run_address>
         <size>0x200</size>
         <contents>
            <object_component_ref idref="oc-29"/>
            <object_component_ref idref="oc-1a2"/>
         </contents>
      </logical_group>
      <logical_group id="lg-12" display="no" color="cyan">
         <name>.TI.ramfunc</name>
         <run_address>0x0</run_address>
         <size>0x0</size>
         <contents>
         </contents>
      </logical_group>
      <logical_group id="lg-171" display="no" color="cyan">
         <name>.TI.noinit</name>
         <run_address>0x0</run_address>
         <size>0x0</size>
         <contents>
         </contents>
      </logical_group>
      <logical_group id="lg-172" display="no" color="cyan">
         <name>.TI.persistent</name>
         <run_address>0x0</run_address>
         <size>0x0</size>
         <contents>
         </contents>
      </logical_group>
      <logical_group id="lg-173" display="no" color="cyan">
         <name>__llvm_prf_cnts</name>
         <run_address>0x20000000</run_address>
         <size>0x0</size>
         <contents>
         </contents>
      </logical_group>
      <logical_group id="lg-188" display="never" color="cyan">
         <name>.debug_info</name>
         <load_address>0x0</load_address>
         <run_address>0x0</run_address>
         <size>0x62ef</size>
         <contents>
            <object_component_ref idref="oc-cb"/>
            <object_component_ref idref="oc-9b"/>
            <object_component_ref idref="oc-b5"/>
            <object_component_ref idref="oc-117"/>
            <object_component_ref idref="oc-112"/>
            <object_component_ref idref="oc-32"/>
            <object_component_ref idref="oc-10b"/>
            <object_component_ref idref="oc-11c"/>
            <object_component_ref idref="oc-ac"/>
            <object_component_ref idref="oc-75"/>
            <object_component_ref idref="oc-27"/>
            <object_component_ref idref="oc-68"/>
            <object_component_ref idref="oc-6e"/>
            <object_component_ref idref="oc-2a"/>
            <object_component_ref idref="oc-50"/>
            <object_component_ref idref="oc-94"/>
            <object_component_ref idref="oc-cf"/>
            <object_component_ref idref="oc-1a3"/>
         </contents>
      </logical_group>
      <logical_group id="lg-18a" display="never" color="cyan">
         <name>.debug_line</name>
         <load_address>0x0</load_address>
         <run_address>0x0</run_address>
         <size>0x570</size>
         <contents>
            <object_component_ref idref="oc-111"/>
            <object_component_ref idref="oc-9a"/>
            <object_component_ref idref="oc-b8"/>
            <object_component_ref idref="oc-11a"/>
            <object_component_ref idref="oc-115"/>
            <object_component_ref idref="oc-35"/>
            <object_component_ref idref="oc-10e"/>
            <object_component_ref idref="oc-11f"/>
            <object_component_ref idref="oc-b0"/>
            <object_component_ref idref="oc-b4"/>
            <object_component_ref idref="oc-74"/>
            <object_component_ref idref="oc-6b"/>
            <object_component_ref idref="oc-71"/>
            <object_component_ref idref="oc-77"/>
            <object_component_ref idref="oc-54"/>
            <object_component_ref idref="oc-97"/>
            <object_component_ref idref="oc-cd"/>
         </contents>
      </logical_group>
      <logical_group id="lg-18c" display="never" color="cyan">
         <name>.debug_frame</name>
         <load_address>0x0</load_address>
         <run_address>0x0</run_address>
         <size>0x250</size>
         <contents>
            <object_component_ref idref="oc-9e"/>
            <object_component_ref idref="oc-af"/>
            <object_component_ref idref="oc-6c"/>
            <object_component_ref idref="oc-72"/>
            <object_component_ref idref="oc-53"/>
            <object_component_ref idref="oc-98"/>
            <object_component_ref idref="oc-d1"/>
         </contents>
      </logical_group>
      <logical_group id="lg-18e" display="never" color="cyan">
         <name>.debug_abbrev</name>
         <load_address>0x0</load_address>
         <run_address>0x0</run_address>
         <size>0x5f5</size>
         <contents>
            <object_component_ref idref="oc-110"/>
            <object_component_ref idref="oc-ca"/>
            <object_component_ref idref="oc-b7"/>
            <object_component_ref idref="oc-119"/>
            <object_component_ref idref="oc-114"/>
            <object_component_ref idref="oc-34"/>
            <object_component_ref idref="oc-10d"/>
            <object_component_ref idref="oc-11e"/>
            <object_component_ref idref="oc-10a"/>
            <object_component_ref idref="oc-b3"/>
            <object_component_ref idref="oc-73"/>
            <object_component_ref idref="oc-b1"/>
            <object_component_ref idref="oc-b2"/>
            <object_component_ref idref="oc-76"/>
            <object_component_ref idref="oc-a0"/>
            <object_component_ref idref="oc-c9"/>
            <object_component_ref idref="oc-121"/>
            <object_component_ref idref="oc-1a4"/>
         </contents>
      </logical_group>
      <logical_group id="lg-190" display="never" color="cyan">
         <name>.debug_str</name>
         <load_address>0x0</load_address>
         <run_address>0x0</run_address>
         <size>0x2326</size>
         <contents>
            <object_component_ref idref="oc-b9"/>
            <object_component_ref idref="oc-11b"/>
            <object_component_ref idref="oc-116"/>
            <object_component_ref idref="oc-36"/>
            <object_component_ref idref="oc-10f"/>
            <object_component_ref idref="oc-120"/>
         </contents>
      </logical_group>
      <logical_group id="lg-192" display="never" color="cyan">
         <name>.debug_aranges</name>
         <load_address>0x0</load_address>
         <run_address>0x0</run_address>
         <size>0xe0</size>
         <contents>
            <object_component_ref idref="oc-9c"/>
            <object_component_ref idref="oc-ae"/>
            <object_component_ref idref="oc-69"/>
            <object_component_ref idref="oc-6f"/>
            <object_component_ref idref="oc-51"/>
            <object_component_ref idref="oc-96"/>
            <object_component_ref idref="oc-ce"/>
         </contents>
      </logical_group>
      <logical_group id="lg-194" display="never" color="cyan">
         <name>.debug_pubnames</name>
         <load_address>0x0</load_address>
         <run_address>0x0</run_address>
         <size>0x13b</size>
         <contents>
            <object_component_ref idref="oc-9d"/>
            <object_component_ref idref="oc-ad"/>
            <object_component_ref idref="oc-28"/>
            <object_component_ref idref="oc-6a"/>
            <object_component_ref idref="oc-70"/>
            <object_component_ref idref="oc-2b"/>
            <object_component_ref idref="oc-52"/>
            <object_component_ref idref="oc-95"/>
            <object_component_ref idref="oc-d0"/>
         </contents>
      </logical_group>
      <logical_group id="lg-196" display="never" color="cyan">
         <name>.debug_pubtypes</name>
         <load_address>0x0</load_address>
         <run_address>0x0</run_address>
         <size>0xace</size>
         <contents>
            <object_component_ref idref="oc-b6"/>
            <object_component_ref idref="oc-118"/>
            <object_component_ref idref="oc-113"/>
            <object_component_ref idref="oc-33"/>
            <object_component_ref idref="oc-10c"/>
            <object_component_ref idref="oc-11d"/>
         </contents>
      </logical_group>
      <logical_group id="lg-1a1" display="no" color="cyan">
         <name>Veneer$$CMSE</name>
         <run_address>0x0</run_address>
         <size>0x0</size>
         <contents>
         </contents>
      </logical_group>
      <load_segment id="lg-1a5" display="no" color="cyan">
         <name>SEGMENT_0</name>
         <load_address>0x0</load_address>
         <run_address>0x0</run_address>
         <size>0x1ee</size>
         <flags>0x5</flags>
         <contents>
            <logical_group_ref idref="lg-3"/>
            <logical_group_ref idref="lg-4"/>
         </contents>
      </load_segment>
      <load_segment id="lg-1a6" display="no" color="cyan">
         <name>SEGMENT_1</name>
         <run_address>0x2000fe00</run_address>
         <size>0x200</size>
         <flags>0x6</flags>
         <contents>
            <logical_group_ref idref="lg-11"/>
         </contents>
      </load_segment>
   </logical_group_list>
   <placement_map>
      <memory_area display="yes" color="green">
         <name>MAIN</name>
         <page_id>0x0</page_id>
         <origin>0x0</origin>
         <length>0x40000</length>
         <used_space>0x1ee</used_space>
         <unused_space>0x3fe12</unused_space>
         <attributes>RX</attributes>
         <usage_details>
            <allocated_space>
               <start_address>0x0</start_address>
               <size>0x0</size>
               <logical_group_ref idref="lg-9"/>
            </allocated_space>
            <allocated_space>
               <start_address>0x0</start_address>
               <size>0xe4</size>
               <logical_group_ref idref="lg-3"/>
            </allocated_space>
            <allocated_space>
               <start_address>0xe4</start_address>
               <size>0x10a</size>
               <logical_group_ref idref="lg-4"/>
            </allocated_space>
            <available_space>
               <start_address>0x1ee</start_address>
               <size>0x3fe12</size>
            </available_space>
         </usage_details>
      </memory_area>
      <memory_area display="yes" color="green">
         <name>INFO</name>
         <page_id>0x0</page_id>
         <origin>0x200000</origin>
         <length>0x4000</length>
         <used_space>0x0</used_space>
         <unused_space>0x4000</unused_space>
         <attributes>RX</attributes>
         <usage_details>
         </usage_details>
      </memory_area>
      <memory_area display="yes" color="green">
         <name>SRAM_CODE</name>
         <page_id>0x0</page_id>
         <origin>0x1000000</origin>
         <length>0x10000</length>
         <used_space>0x200</used_space>
         <unused_space>0xfe00</unused_space>
         <attributes>RWX</attributes>
         <usage_details>
            <allocated_space>
               <start_address>0x1000000</start_address>
               <size>0x0</size>
               <logical_group_ref idref="lg-173"/>
            </allocated_space>
            <available_space>
               <start_address>0x1000000</start_address>
               <size>0xfe00</size>
            </available_space>
            <allocated_space>
               <start_address>0x100fe00</start_address>
               <size>0x200</size>
               <logical_group_ref idref="lg-11"/>
            </allocated_space>
         </usage_details>
      </memory_area>
      <memory_area display="yes" color="green">
         <name>SRAM_DATA</name>
         <page_id>0x0</page_id>
         <origin>0x20000000</origin>
         <length>0x10000</length>
         <used_space>0x200</used_space>
         <unused_space>0xfe00</unused_space>
         <attributes>RW</attributes>
         <usage_details>
            <allocated_space>
               <start_address>0x20000000</start_address>
               <size>0x0</size>
               <logical_group_ref idref="lg-173"/>
            </allocated_space>
            <available_space>
               <start_address>0x20000000</start_address>
               <size>0xfe00</size>
            </available_space>
            <allocated_space>
               <start_address>0x2000fe00</start_address>
               <size>0x200</size>
               <logical_group_ref idref="lg-11"/>
            </allocated_space>
         </usage_details>
      </memory_area>
   </placement_map>
   <symbol_table>
      <symbol id="sm-1">
         <name>WDTCTL_SYM</name>
         <value>0x4000480c</value>
      </symbol>
      <symbol id="sm-2">
         <name>__start___llvm_prf_cnts</name>
         <value>0x20000000</value>
      </symbol>
      <symbol id="sm-3">
         <name>__stop___llvm_prf_cnts</name>
         <value>0x20000000</value>
      </symbol>
      <symbol id="sm-4">
         <name>binit</name>
         <value>0xffffffff</value>
      </symbol>
      <symbol id="sm-5">
         <name>__binit__</name>
         <value>0xffffffff</value>
      </symbol>
      <symbol id="sm-6">
         <name>__STACK_SIZE</name>
         <value>0x200</value>
      </symbol>
      <symbol id="sm-7">
         <name>__STACK_END</name>
         <value>0x20010000</value>
      </symbol>
      <symbol id="sm-8">
         <name>__c_args__</name>
         <value>0xffffffff</value>
      </symbol>
      <symbol id="sm-9">
         <name>__TI_pprof_out_hndl</name>
         <value>0xffffffff</value>
      </symbol>
      <symbol id="sm-a">
         <name>__TI_prof_data_start</name>
         <value>0xffffffff</value>
      </symbol>
      <symbol id="sm-b">
         <name>__TI_prof_data_size</name>
         <value>0xffffffff</value>
      </symbol>
      <symbol id="sm-c">
         <name>__TI_static_base__</name>
         <value>0x0</value>
      </symbol>
      <symbol id="sm-59">
         <name>main</name>
         <value>0x15d</value>
         <object_component_ref idref="oc-99"/>
      </symbol>
      <symbol id="sm-6c">
         <name>SystemInit</name>
         <value>0xe5</value>
         <object_component_ref idref="oc-ab"/>
      </symbol>
      <symbol id="sm-88">
         <name>Reset_Handler</name>
         <value>0x1d9</value>
         <object_component_ref idref="oc-67"/>
      </symbol>
      <symbol id="sm-89">
         <name>Default_Handler</name>
         <value>0x1ed</value>
         <object_component_ref idref="oc-6d"/>
      </symbol>
      <symbol id="sm-8a">
         <name>interruptVectors</name>
         <value>0x0</value>
         <object_component_ref idref="oc-26"/>
      </symbol>
      <symbol id="sm-a0">
         <name>_c_int00_noinit_noargs</name>
         <value>0x1ad</value>
         <object_component_ref idref="oc-4f"/>
      </symbol>
      <symbol id="sm-a1">
         <name>__stack</name>
         <value>0x2000fe00</value>
         <object_component_ref idref="oc-29"/>
      </symbol>
      <symbol id="sm-ae">
         <name>_system_pre_init</name>
         <value>0x1e5</value>
         <object_component_ref idref="oc-93"/>
      </symbol>
      <symbol id="sm-ba">
         <name>C$$EXIT</name>
         <value>0x1e9</value>
         <object_component_ref idref="oc-cc"/>
      </symbol>
      <symbol id="sm-bb">
         <name>abort</name>
         <value>0x1e9</value>
         <object_component_ref idref="oc-cc"/>
      </symbol>
      <symbol id="sm-be">
         <name>__mpu_init</name>
         <value>0x0</value>
      </symbol>
      <symbol id="sm-bf">
         <name>NMI_Handler</name>
         <value>0x1ed</value>
      </symbol>
      <symbol id="sm-c0">
         <name>HardFault_Handler</name>
         <value>0x1ed</value>
      </symbol>
      <symbol id="sm-c1">
         <name>MemManage_Handler</name>
         <value>0x1ed</value>
      </symbol>
      <symbol id="sm-c2">
         <name>BusFault_Handler</name>
         <value>0x1ed</value>
      </symbol>
      <symbol id="sm-c3">
         <name>UsageFault_Handler</name>
         <value>0x1ed</value>
      </symbol>
      <symbol id="sm-c4">
         <name>SVC_Handler</name>
         <value>0x1ed</value>
      </symbol>
      <symbol id="sm-c5">
         <name>DebugMon_Handler</name>
         <value>0x1ed</value>
      </symbol>
      <symbol id="sm-c6">
         <name>PendSV_Handler</name>
         <value>0x1ed</value>
      </symbol>
      <symbol id="sm-c7">
         <name>SysTick_Handler</name>
         <value>0x1ed</value>
      </symbol>
      <symbol id="sm-c8">
         <name>PSS_IRQHandler</name>
         <value>0x1ed</value>
      </symbol>
      <symbol id="sm-c9">
         <name>CS_IRQHandler</name>
         <value>0x1ed</value>
      </symbol>
      <symbol id="sm-ca">
         <name>PCM_IRQHandler</name>
         <value>0x1ed</value>
      </symbol>
      <symbol id="sm-cb">
         <name>WDT_A_IRQHandler</name>
         <value>0x1ed</value>
      </symbol>
      <symbol id="sm-cc">
         <name>FPU_IRQHandler</name>
         <value>0x1ed</value>
      </symbol>
      <symbol id="sm-cd">
         <name>FLCTL_IRQHandler</name>
         <value>0x1ed</value>
      </symbol>
      <symbol id="sm-ce">
         <name>COMP_E0_IRQHandler</name>
         <value>0x1ed</value>
      </symbol>
      <symbol id="sm-cf">
         <name>COMP_E1_IRQHandler</name>
         <value>0x1ed</value>
      </symbol>
      <symbol id="sm-d0">
         <name>TA0_0_IRQHandler</name>
         <value>0x1ed</value>
      </symbol>
      <symbol id="sm-d1">
         <name>TA0_N_IRQHandler</name>
         <value>0x1ed</value>
      </symbol>
      <symbol id="sm-d2">
         <name>TA1_0_IRQHandler</name>
         <value>0x1ed</value>
      </symbol>
      <symbol id="sm-d3">
         <name>TA1_N_IRQHandler</name>
         <value>0x1ed</value>
      </symbol>
      <symbol id="sm-d4">
         <name>TA2_0_IRQHandler</name>
         <value>0x1ed</value>
      </symbol>
      <symbol id="sm-d5">
         <name>TA2_N_IRQHandler</name>
         <value>0x1ed</value>
      </symbol>
      <symbol id="sm-d6">
         <name>TA3_0_IRQHandler</name>
         <value>0x1ed</value>
      </symbol>
      <symbol id="sm-d7">
         <name>TA3_N_IRQHandler</name>
         <value>0x1ed</value>
      </symbol>
      <symbol id="sm-d8">
         <name>EUSCIA0_IRQHandler</name>
         <value>0x1ed</value>
      </symbol>
      <symbol id="sm-d9">
         <name>EUSCIA1_IRQHandler</name>
         <value>0x1ed</value>
      </symbol>
      <symbol id="sm-da">
         <name>EUSCIA2_IRQHandler</name>
         <value>0x1ed</value>
      </symbol>
      <symbol id="sm-db">
         <name>EUSCIA3_IRQHandler</name>
         <value>0x1ed</value>
      </symbol>
      <symbol id="sm-dc">
         <name>EUSCIB0_IRQHandler</name>
         <value>0x1ed</value>
      </symbol>
      <symbol id="sm-dd">
         <name>EUSCIB1_IRQHandler</name>
         <value>0x1ed</value>
      </symbol>
      <symbol id="sm-de">
         <name>EUSCIB2_IRQHandler</name>
         <value>0x1ed</value>
      </symbol>
      <symbol id="sm-df">
         <name>EUSCIB3_IRQHandler</name>
         <value>0x1ed</value>
      </symbol>
      <symbol id="sm-e0">
         <name>ADC14_IRQHandler</name>
         <value>0x1ed</value>
      </symbol>
      <symbol id="sm-e1">
         <name>T32_INT1_IRQHandler</name>
         <value>0x1ed</value>
      </symbol>
      <symbol id="sm-e2">
         <name>T32_INT2_IRQHandler</name>
         <value>0x1ed</value>
      </symbol>
      <symbol id="sm-e3">
         <name>T32_INTC_IRQHandler</name>
         <value>0x1ed</value>
      </symbol>
      <symbol id="sm-e4">
         <name>AES256_IRQHandler</name>
         <value>0x1ed</value>
      </symbol>
      <symbol id="sm-e5">
         <name>RTC_C_IRQHandler</name>
         <value>0x1ed</value>
      </symbol>
      <symbol id="sm-e6">
         <name>DMA_ERR_IRQHandler</name>
         <value>0x1ed</value>
      </symbol>
      <symbol id="sm-e7">
         <name>DMA_INT3_IRQHandler</name>
         <value>0x1ed</value>
      </symbol>
      <symbol id="sm-e8">
         <name>DMA_INT2_IRQHandler</name>
         <value>0x1ed</value>
      </symbol>
      <symbol id="sm-e9">
         <name>DMA_INT1_IRQHandler</name>
         <value>0x1ed</value>
      </symbol>
      <symbol id="sm-ea">
         <name>DMA_INT0_IRQHandler</name>
         <value>0x1ed</value>
      </symbol>
      <symbol id="sm-eb">
         <name>PORT1_IRQHandler</name>
         <value>0x1ed</value>
      </symbol>
      <symbol id="sm-ec">
         <name>PORT2_IRQHandler</name>
         <value>0x1ed</value>
      </symbol>
      <symbol id="sm-ed">
         <name>PORT3_IRQHandler</name>
         <value>0x1ed</value>
      </symbol>
      <symbol id="sm-ee">
         <name>PORT4_IRQHandler</name>
         <value>0x1ed</value>
      </symbol>
      <symbol id="sm-ef">
         <name>PORT5_IRQHandler</name>
         <value>0x1ed</value>
      </symbol>
      <symbol id="sm-f0">
         <name>PORT6_IRQHandler</name>
         <value>0x1ed</value>
      </symbol>
   </symbol_table>
   <title>Link successful</title>
</link_info>
